,24,2,3,3.1,1,1.1,2.1,3.2,0,1.2
0,44,3,4,6,1,1,3,4,0,1
1,36,2,3,7,1,1,3,3,0,3
2,27,3,3,3,1,1,2,3,0,3
3,20,3,3,2,1,1,2,2,1,3
4,29,3,4,4,1,0,1,3,0,1
5,17,2,2,0,1,0,3,2,0,3
6,33,3,4,3,0,1,2,4,0,2
7,31,3,3,2,1,0,2,3,0,1
8,46,4,4,4,1,1,1,4,0,2
9,34,4,3,3,0,1,2,4,0,3
10,26,2,3,3,1,1,3,4,0,1
11,29,3,4,1,0,1,2,3,0,1
12,37,4,4,3,0,1,3,4,0,2
13,26,4,4,1,0,1,2,4,0,2
14,41,4,4,5,1,1,1,4,0,3
15,32,1,2,4,1,1,3,2,1,1
16,42,3,4,10,1,0,3,2,0,1
17,25,4,4,2,1,1,1,2,0,3
18,37,1,2,2,1,1,2,2,1,1
19,28,3,4,2,0,1,3,3,0,2
20,25,4,4,1,0,1,3,3,0,3
21,32,4,4,4,1,1,2,4,0,2
22,29,3,3,2,1,1,3,2,0,3
23,24,4,4,2,1,1,3,3,0,3
24,41,4,4,8,1,1,1,4,0,2
25,37,4,3,8,1,1,1,4,0,2
26,36,4,4,2,1,0,1,4,0,3
27,33,4,4,3,1,1,3,3,0,2
28,24,2,2,2,1,1,3,4,0,3
29,25,2,2,1,1,1,3,3,0,3
30,38,2,4,3,1,1,1,3,0,1
31,29,4,4,2,1,1,3,4,0,2
32,34,2,2,8,1,1,2,2,0,2
33,30,4,2,0,1,0,3,3,0,1
34,23,2,3,3,1,1,2,3,0,3
35,45,3,4,0,1,1,1,3,0,1
36,35,1,3,0,1,1,2,2,1,1
37,25,3,4,2,1,0,2,4,0,3
38,38,1,3,4,1,0,2,2,0,1
39,23,4,4,1,1,1,3,3,0,3
40,23,2,4,4,1,1,3,3,0,1
41,49,2,2,8,1,0,3,1,0,1
42,23,3,4,2,1,1,3,4,0,1
43,24,2,2,3,1,0,2,1,0,1
44,32,4,4,3,1,0,1,4,0,3
45,39,4,4,2,0,1,3,4,0,3
46,34,1,4,4,1,1,3,4,1,3
47,22,4,4,2,1,1,1,3,0,1
48,40,3,4,1,1,1,1,2,0,1
49,28,4,4,5,1,0,3,4,0,1
50,22,2,4,1,1,1,2,4,0,1
51,30,2,3,5,1,0,3,4,0,3
52,22,4,4,1,1,1,1,3,0,2
53,31,4,4,3,0,0,4,4,0,2
54,16,3,4,1,1,1,3,3,0,1
55,22,2,2,2,1,1,2,3,0,3
56,31,3,4,2,1,1,1,4,0,1
57,37,3,4,3,1,1,1,3,0,2
58,36,3,4,6,1,1,2,4,0,1
59,40,2,2,4,0,0,2,4,0,3
60,46,1,2,3,1,1,2,1,1,1
61,35,4,4,3,1,1,2,3,0,2
62,28,2,3,2,1,1,3,3,0,2
63,33,2,2,2,1,1,3,1,0,1
64,42,2,4,8,1,1,1,4,0,2
65,26,4,4,1,1,0,1,3,0,2
66,39,4,4,2,1,0,1,4,0,1
67,22,1,2,2,1,1,3,4,0,3
68,37,2,3,2,0,0,3,3,0,1
69,47,3,3,2,1,1,2,4,0,1
70,40,3,3,1,1,0,3,3,0,1
71,30,1,2,4,1,1,4,1,0,1
72,42,4,4,3,0,1,2,4,0,3
73,30,2,2,2,1,1,3,2,0,3
74,35,2,3,8,1,1,3,3,1,1
75,36,4,4,2,1,1,2,4,0,2
76,21,3,3,1,1,1,2,2,0,3
77,35,3,3,6,1,1,2,3,0,2
78,20,3,3,1,1,1,2,3,0,1
79,25,2,3,4,1,1,3,3,0,3
80,36,2,1,6,1,1,2,1,0,2
81,28,2,4,7,1,1,3,3,0,3
82,46,4,4,1,0,1,1,4,0,1
83,27,4,4,1,1,1,1,2,0,1
84,28,4,4,1,1,1,1,3,0,3
85,21,2,4,3,1,1,3,2,0,1
86,25,4,4,2,1,1,2,4,0,2
87,33,2,4,3,1,1,2,4,0,3
88,26,2,3,2,1,1,3,3,0,3
89,30,1,3,1,1,1,3,4,0,1
90,20,3,4,2,1,1,1,3,0,3
91,22,2,4,1,1,1,3,4,0,1
92,36,2,3,4,1,1,3,1,1,1
93,20,4,4,1,1,1,1,4,0,1
94,26,1,1,2,1,1,3,4,0,2
95,30,2,4,1,1,0,3,4,0,2
96,31,3,3,2,1,0,3,3,0,1
97,29,4,4,3,1,0,1,4,0,3
98,35,3,4,6,1,0,2,2,0,1
99,29,4,4,1,1,0,2,4,0,2
100,35,4,4,4,1,1,1,4,0,3
101,39,1,1,5,1,0,3,1,1,1
102,34,2,3,3,0,1,3,2,1,3
103,26,3,3,3,1,1,3,3,0,3
104,46,1,2,8,1,1,3,3,1,1
105,40,2,4,3,0,1,3,4,0,3
106,18,3,2,1,1,1,3,1,0,1
107,26,4,4,1,1,0,2,3,0,2
108,23,4,4,2,1,1,3,4,0,3
109,27,3,4,4,1,1,3,4,0,3
110,35,4,4,2,0,1,3,3,0,1
111,33,2,2,3,1,1,2,3,0,2
112,33,3,3,4,1,0,2,3,0,3
113,28,4,4,1,0,0,2,4,0,3
114,24,4,4,2,1,1,2,4,0,2
115,44,4,4,4,1,1,1,4,0,2
116,25,3,3,2,1,1,2,3,0,3
117,29,4,4,3,1,1,3,4,0,3
118,32,2,2,6,1,1,2,3,0,3
119,33,4,4,5,1,1,3,3,0,1
120,33,4,4,2,0,1,1,4,0,1
121,32,3,4,1,0,1,2,4,0,1
122,32,2,4,5,1,1,3,4,0,3
123,49,3,4,5,1,1,1,4,0,1
124,34,4,4,2,0,1,1,4,0,3
125,24,3,4,1,1,1,3,4,0,3
126,41,4,4,4,0,0,2,4,0,2
127,21,2,1,3,1,0,3,1,1,3
128,37,4,4,4,1,1,1,4,0,2
129,35,3,4,4,1,1,1,4,0,3
130,19,3,3,3,1,1,2,3,0,3
131,25,4,4,2,1,1,1,3,0,3
132,32,4,4,4,1,1,1,2,0,2
133,35,4,4,5,1,0,1,4,0,2
134,37,4,4,3,1,1,2,4,0,3
135,23,2,3,2,1,1,3,1,0,3
136,27,4,4,1,1,1,1,4,0,3
137,33,4,4,5,1,1,2,4,0,2
138,39,1,2,2,1,0,2,4,0,3
139,44,4,2,8,1,1,3,3,0,1
140,39,4,4,4,1,0,1,4,0,2
141,49,4,4,10,1,1,1,4,0,2
142,24,1,2,3,1,1,3,2,0,3
143,28,2,2,1,1,1,3,2,0,1
144,35,4,4,2,1,0,1,4,0,2
145,40,2,2,8,1,1,2,2,0,1
146,22,4,4,0,1,1,3,2,0,1
147,36,4,4,3,0,1,2,4,0,3
148,31,2,4,5,1,1,3,2,0,1
149,19,3,3,1,1,1,2,1,0,3
150,47,4,4,2,1,1,1,4,0,1
151,27,3,3,3,1,1,2,2,0,3
152,30,2,3,7,1,1,3,3,0,3
153,28,1,1,3,1,1,3,1,0,1
154,48,4,4,16,1,1,1,4,0,3
155,38,3,4,2,1,1,2,3,0,1
156,27,3,4,0,1,1,3,3,0,1
157,28,3,3,5,1,1,3,3,0,1
158,31,3,4,5,1,1,3,1,0,3
159,30,3,3,2,1,1,2,3,0,2
160,27,4,4,1,0,1,3,4,0,3
161,25,3,3,1,1,1,3,1,0,1
162,23,3,3,6,1,1,3,3,0,1
163,33,4,4,2,1,1,2,4,0,3
164,41,3,4,3,0,1,2,4,0,1
165,21,3,4,0,1,1,2,3,0,1
166,37,4,4,2,1,1,1,4,0,1
167,32,2,2,2,1,1,2,4,0,1
168,45,4,4,4,1,1,1,4,0,2
169,43,4,4,5,1,0,1,4,0,1
170,35,3,4,5,1,0,2,2,0,1
171,46,4,4,4,1,1,1,4,0,2
172,27,3,3,1,0,0,2,4,0,2
173,35,3,4,4,1,0,1,4,0,3
174,47,4,4,4,1,1,1,4,0,1
175,22,3,4,1,1,0,1,4,0,3
176,25,2,2,1,1,1,3,1,0,3
177,32,4,4,2,1,1,2,3,0,1
178,22,2,2,2,1,1,3,1,0,1
179,21,4,4,1,0,1,2,4,0,3
180,33,4,4,2,1,0,2,4,0,3
181,31,4,4,3,0,1,2,4,0,2
182,40,2,3,6,1,1,1,2,0,2
183,27,3,3,2,1,1,3,4,0,2
184,35,1,2,5,1,1,3,3,0,3
185,33,3,3,5,1,1,3,4,0,2
186,24,2,4,2,1,1,3,4,0,1
187,37,4,4,4,1,1,3,2,0,3
188,33,4,4,0,1,0,3,3,0,1
189,46,3,1,5,1,1,3,2,0,1
190,45,1,1,8,1,1,2,2,1,1
191,22,2,1,0,1,1,2,2,0,1
192,46,4,4,4,0,1,1,4,0,3
193,47,1,1,10,1,1,3,3,0,2
194,43,2,3,6,1,0,3,3,0,1
195,23,1,1,3,1,1,2,1,1,1
196,24,2,4,2,1,1,1,4,0,3
197,27,3,2,5,1,1,2,4,0,2
198,42,4,4,6,1,1,1,3,0,2
199,20,2,4,0,1,1,3,2,0,1
200,23,4,4,2,1,0,2,4,0,3
201,26,4,4,1,1,1,1,4,0,1
202,45,2,3,3,0,0,2,4,0,3
203,27,2,2,5,1,1,3,1,0,3
204,28,2,2,1,1,1,2,4,0,1
205,40,4,4,3,1,1,3,4,0,1
206,44,4,4,7,1,1,2,4,0,2
207,21,3,4,1,1,1,2,3,0,1
208,32,3,3,6,1,0,3,3,0,2
209,28,3,4,0,1,0,3,4,0,1
210,32,3,4,5,0,1,1,4,0,3
211,48,3,4,3,1,1,2,3,0,3
212,21,2,4,0,1,1,2,2,0,1
213,24,3,4,4,1,1,3,1,0,3
214,42,2,3,2,1,1,1,4,0,1
215,46,1,2,9,1,0,3,4,1,3
216,43,3,3,6,1,0,3,2,0,2
217,36,4,4,4,1,1,1,4,0,1
218,41,3,3,5,1,1,3,4,0,1
219,32,3,4,4,1,1,1,4,0,1
220,24,1,3,4,1,1,3,3,0,3
221,34,4,4,3,0,1,1,2,0,1
222,47,4,4,5,1,1,3,2,0,3
223,26,4,4,3,1,1,1,4,0,1
224,29,3,3,1,1,1,3,3,0,3
225,41,1,2,6,1,1,3,3,0,3
226,42,4,4,0,0,0,3,4,0,1
227,35,3,3,2,1,0,2,2,0,1
228,28,4,4,1,1,0,1,3,0,1
229,21,3,3,2,1,1,2,2,0,1
230,44,4,4,3,1,0,1,4,1,1
231,28,3,4,5,1,1,2,4,0,3
232,37,3,4,7,1,1,3,4,0,1
233,26,3,4,3,1,1,2,3,0,2
234,20,2,2,1,1,1,3,2,0,3
235,39,3,4,1,0,1,3,4,0,1
236,36,2,3,2,1,1,3,2,1,1
237,22,3,4,2,1,1,2,4,0,3
238,33,2,2,7,1,0,2,3,0,3
239,32,2,4,2,1,1,3,3,0,1
240,33,4,3,5,1,1,2,4,0,2
241,36,3,4,3,0,0,3,4,0,2
242,20,3,4,1,1,1,3,2,0,1
243,48,3,4,3,1,1,3,1,0,1
244,34,4,4,2,0,1,1,4,0,1
245,36,4,3,3,1,0,3,2,0,1
246,22,3,4,0,1,0,3,4,0,1
247,24,4,4,1,1,1,3,4,0,2
248,22,3,3,0,1,1,2,2,0,1
249,35,4,4,5,1,1,1,4,0,2
250,20,2,3,1,0,1,3,2,0,1
251,29,2,4,2,1,1,3,2,0,3
252,28,2,3,3,1,1,3,4,0,3
253,44,4,4,8,1,1,2,4,0,3
254,25,3,3,1,1,1,3,2,0,1
255,40,4,4,2,0,1,1,4,0,1
256,41,4,4,3,1,0,2,3,0,2
257,49,3,4,9,1,1,1,4,0,1
258,29,3,3,4,1,1,3,4,0,3
259,21,3,4,1,1,1,3,2,0,3
260,27,4,4,1,0,0,1,4,0,2
261,33,3,3,3,1,1,3,4,0,1
262,46,2,3,6,0,0,3,4,0,3
263,27,2,4,4,1,1,3,4,0,3
264,40,3,4,6,1,1,1,3,0,3
265,21,4,4,1,1,1,2,1,0,2
266,47,2,2,7,1,1,2,4,0,2
267,32,2,3,4,1,1,3,2,0,3
268,30,3,4,3,1,1,2,3,0,3
269,32,1,3,4,1,1,3,3,0,3
270,45,3,3,8,1,1,2,3,0,2
271,47,4,4,6,1,0,1,4,0,2
272,30,3,4,7,1,1,2,4,0,2
273,27,2,2,1,1,0,3,2,1,1
274,45,4,4,3,1,1,1,4,0,2
275,35,4,4,4,0,0,1,4,0,3
276,19,4,4,1,1,1,2,3,0,2
277,21,2,2,0,0,1,4,4,0,3
278,37,4,4,7,1,1,1,4,0,2
279,28,4,4,1,0,1,1,3,0,1
280,35,4,4,3,1,1,1,4,0,1
281,24,3,4,1,1,0,3,3,0,1
282,21,3,4,0,1,1,1,3,0,1
283,42,2,3,7,1,1,3,4,0,2
284,25,4,4,1,1,1,1,4,0,2
285,21,3,4,1,1,0,3,4,0,3
286,28,2,3,1,1,1,3,1,0,1
287,24,4,4,1,1,0,1,4,0,2
288,48,4,3,7,1,0,2,4,0,2
289,30,2,4,3,1,1,3,4,0,2
290,22,4,4,1,1,1,2,4,0,3
291,26,3,4,2,1,0,2,4,0,3
292,22,3,3,1,1,1,3,2,0,3
293,33,3,4,5,0,1,3,3,0,2
294,41,1,3,10,1,1,2,3,1,1
295,27,3,4,0,1,0,3,3,0,1
296,30,4,4,3,1,1,2,1,0,2
297,29,2,3,3,1,1,3,3,0,3
298,47,2,4,2,1,1,3,2,1,1
299,25,3,4,3,1,1,1,1,0,1
300,25,3,4,0,1,1,1,3,0,1
301,34,2,2,4,0,1,3,2,0,3
302,35,4,4,2,1,0,1,4,0,3
303,28,3,4,2,0,1,2,3,0,2
304,45,2,2,7,1,1,3,1,1,1
305,44,4,4,5,0,1,2,4,0,1
306,36,4,4,3,1,1,1,4,0,2
307,36,1,3,6,1,1,3,2,0,3
308,45,1,1,0,0,0,2,1,0,1
309,24,4,4,1,1,1,2,2,0,1
310,31,3,4,0,1,0,2,3,0,1
311,27,1,2,4,1,1,3,1,1,1
312,27,4,4,3,1,1,1,3,0,2
313,28,2,3,6,1,1,2,4,0,3
314,34,4,4,2,0,0,3,2,0,2
315,45,4,4,7,1,1,1,4,0,2
316,37,3,3,2,1,1,1,4,0,1
317,49,1,3,0,1,1,3,3,1,1
318,37,3,4,4,1,0,2,4,0,1
319,36,3,3,3,0,0,2,3,1,1
320,29,3,4,5,1,1,1,2,0,3
321,27,1,2,4,1,1,1,4,1,1
322,29,4,4,3,1,1,1,4,0,2
323,25,4,4,1,0,1,1,4,0,3
324,21,4,4,1,1,1,1,4,0,2
325,47,2,2,7,1,1,2,2,0,1
326,41,3,3,7,0,1,2,4,0,3
327,32,4,4,3,1,1,1,4,0,3
328,30,4,4,2,0,0,1,4,0,2
329,45,2,4,2,1,0,2,4,0,1
330,37,4,4,6,1,1,1,4,0,3
331,34,1,2,5,1,1,3,4,0,2
332,33,3,3,3,1,1,3,3,0,3
333,19,4,4,0,1,1,3,3,0,1
334,36,2,2,0,0,0,3,3,0,1
335,26,2,4,2,1,1,1,3,0,2
336,40,4,4,4,1,1,1,4,0,2
337,40,2,2,8,1,1,1,3,0,1
338,27,2,4,3,1,1,4,4,0,3
339,38,4,4,2,1,1,1,4,0,2
340,35,3,4,5,1,1,1,4,0,3
341,24,4,4,1,1,1,1,4,0,2
342,48,2,1,3,1,0,4,3,0,1
343,31,2,2,4,1,1,4,3,1,2
344,31,3,4,4,1,1,1,3,0,2
345,33,3,4,6,1,1,3,2,0,3
346,28,2,4,4,1,1,3,4,0,3
347,19,4,4,1,1,1,2,3,0,3
348,35,1,2,9,1,0,3,1,0,2
349,24,2,3,5,1,1,3,3,0,3
350,36,2,4,5,1,1,2,3,0,1
351,23,3,2,1,1,1,3,3,0,3
352,41,4,4,8,1,1,1,4,0,3
353,41,4,4,2,1,1,1,4,0,1
354,47,4,4,8,1,1,1,4,0,2
355,25,4,4,2,1,1,2,3,0,3
356,40,4,4,2,0,0,1,4,0,3
357,25,2,2,3,1,1,3,3,0,1
358,43,3,3,8,1,1,1,3,0,3
359,36,1,1,5,1,1,3,3,0,3
360,30,4,1,4,1,1,3,3,0,2
361,49,2,4,6,0,1,2,3,0,1
362,26,4,4,0,1,0,1,4,0,1
363,32,3,4,5,1,1,1,2,0,2
364,48,2,4,2,1,1,1,3,0,1
365,25,3,4,1,1,1,2,1,0,1
366,33,4,4,3,1,1,1,4,0,3
367,45,2,4,8,1,1,2,3,0,1
368,28,2,3,3,1,1,2,4,0,3
369,23,1,2,3,1,1,3,2,1,3
370,30,1,3,2,1,1,3,4,0,3
371,33,4,4,2,1,1,1,4,0,1
372,31,4,4,2,1,1,1,2,0,1
373,49,4,4,1,1,1,3,4,0,1
374,22,4,4,0,1,0,2,4,0,1
375,29,2,4,2,1,0,4,4,1,1
376,37,2,3,7,1,1,3,4,0,2
377,35,1,2,6,1,1,2,2,1,3
378,37,3,3,6,1,1,2,2,0,1
379,31,4,4,3,1,1,4,4,0,3
380,32,4,4,1,1,1,1,4,0,1
381,48,1,1,1,1,0,3,3,1,1
382,23,3,3,2,1,0,3,4,0,2
383,32,3,4,0,1,1,3,4,0,1
384,26,2,3,1,1,0,4,4,0,1
385,26,2,4,3,1,1,1,3,0,3
386,32,4,4,3,1,0,1,4,0,3
387,27,2,4,1,1,0,1,3,0,1
388,32,2,2,8,1,1,2,1,0,3
389,31,3,3,6,0,1,3,1,0,3
390,32,4,4,3,1,1,1,4,0,1
391,32,2,4,4,1,1,3,2,0,1
392,42,1,4,4,1,1,1,3,0,1
393,28,4,4,4,1,1,2,3,0,3
394,26,3,3,2,1,1,3,2,0,2
395,35,1,2,5,1,1,2,2,1,3
396,25,4,4,1,1,1,3,4,0,1
397,33,3,4,4,1,0,2,4,0,3
398,30,3,4,5,1,1,1,4,0,1
399,35,4,4,6,1,1,1,4,0,3
400,26,3,4,2,1,1,1,3,0,3
401,20,3,3,2,1,1,2,4,0,3
402,49,2,3,4,1,1,2,3,0,1
403,23,4,4,1,1,0,3,4,0,2
404,34,4,4,2,1,0,1,4,0,1
405,21,2,2,1,1,1,4,3,0,3
406,48,1,1,8,1,1,1,1,1,1
407,35,2,3,8,1,1,3,2,0,1
408,36,2,3,6,1,1,2,4,0,3
409,28,4,4,1,1,1,2,4,0,3
410,37,4,4,5,1,1,3,4,0,2
411,36,4,4,3,0,1,1,3,0,2
412,27,4,4,2,0,0,2,4,0,3
413,44,4,4,11,1,1,1,4,0,3
414,27,4,4,4,1,1,1,2,1,3
415,46,4,4,6,1,1,1,4,0,1
416,42,2,4,2,1,1,3,4,0,1
417,31,2,3,7,1,1,3,3,0,3
418,24,4,4,4,1,1,1,4,0,1
419,25,2,4,3,1,1,1,4,1,2
420,21,3,4,3,1,1,1,4,0,2
421,43,4,4,6,1,1,1,3,0,1
422,22,4,4,1,1,0,2,2,0,2
423,26,2,4,0,1,1,4,1,0,1
424,18,3,4,1,1,1,3,4,0,2
425,21,2,2,1,1,1,3,2,0,2
426,26,4,4,1,1,1,1,3,0,1
427,46,4,4,4,1,1,1,4,0,3
428,29,2,3,5,1,1,2,4,0,3
429,38,3,3,2,0,1,3,4,0,3
430,37,2,2,8,1,1,2,3,0,1
431,25,1,2,3,1,1,2,3,0,3
432,28,4,4,2,1,1,1,3,0,2
433,26,2,4,3,1,1,3,4,0,1
434,26,1,3,1,1,1,3,1,0,1
435,23,3,3,2,1,1,3,3,0,1
436,21,4,4,1,1,1,1,4,0,2
437,42,4,4,3,1,0,1,4,0,1
438,30,2,3,3,1,1,3,1,0,1
439,34,4,4,5,1,1,3,4,0,2
440,35,2,2,6,1,0,3,1,1,1
441,21,4,4,1,1,1,1,4,0,1
442,48,4,4,3,0,1,1,4,0,2
443,43,4,4,2,1,1,1,4,0,3
444,25,2,3,1,1,0,4,4,0,2
445,30,4,4,1,1,0,1,4,0,1
446,44,4,4,3,1,0,1,4,0,2
447,32,4,4,4,1,1,1,3,0,3
448,49,3,4,6,1,1,1,4,0,1
449,29,2,4,3,1,0,3,3,0,3
450,43,4,4,5,0,1,1,4,0,3
451,32,2,4,0,1,0,3,4,0,1
452,30,4,4,0,0,0,1,3,0,1
453,36,2,4,2,1,0,2,4,0,1
454,41,4,4,5,1,1,1,4,0,3
455,47,1,2,2,1,1,2,4,0,1
456,35,4,4,5,1,0,1,3,0,2
457,26,4,4,1,1,1,1,4,0,1
458,32,3,3,4,1,0,3,3,0,2
459,38,2,2,1,1,0,3,2,0,1
460,44,2,3,1,0,1,2,4,0,2
461,25,4,4,1,1,1,1,4,0,3
462,28,4,4,2,1,0,1,3,0,2
463,34,3,2,8,1,0,2,3,1,1
464,35,4,4,2,1,1,2,4,0,3
465,37,4,4,4,0,1,2,4,0,2
466,33,4,4,4,1,1,2,3,0,3
467,43,1,3,8,1,1,3,1,0,1
468,27,3,3,5,1,1,2,4,0,3
469,42,1,3,12,1,1,2,4,0,1
470,36,3,4,7,1,1,2,2,0,2
471,38,4,3,9,1,1,3,3,0,3
472,42,2,4,1,1,0,3,3,0,1
473,43,1,3,5,1,0,3,2,0,1
474,48,1,1,6,1,1,2,3,1,1
475,32,1,2,6,0,1,2,3,0,3
476,35,3,4,3,1,1,2,2,0,2
477,29,4,4,1,1,1,1,3,0,1
478,30,2,2,4,1,1,2,4,0,3
479,48,1,2,8,1,1,3,1,0,1
480,42,4,4,7,1,1,2,4,0,3
481,21,4,4,2,1,1,2,3,0,3
482,34,4,4,2,1,1,1,4,0,3
483,27,2,3,1,1,0,3,4,0,1
484,44,4,4,5,1,0,1,4,0,3
485,45,1,3,3,1,1,3,2,0,3
486,28,2,1,2,1,0,3,3,0,2
487,39,4,4,3,1,1,2,4,0,3
488,30,3,3,3,1,1,3,1,0,3
489,19,2,2,2,1,1,3,1,0,1
490,40,2,3,5,1,1,3,3,0,3
491,23,3,4,4,1,1,3,1,1,1
492,47,1,4,7,1,1,2,3,0,1
493,30,3,2,3,1,1,3,3,0,3
494,29,4,4,0,1,0,2,4,0,1
495,49,3,4,4,1,1,3,4,0,2
496,32,4,4,2,1,0,1,4,0,2
497,44,4,4,1,1,0,1,4,0,1
498,32,4,4,3,0,1,1,4,0,3
499,35,3,3,4,1,1,3,2,0,2
500,23,4,4,1,1,1,3,3,0,2
501,37,4,4,1,1,1,1,4,0,1
502,30,4,4,2,1,1,4,3,0,3
503,35,4,4,1,1,1,1,3,0,1
504,30,2,2,6,1,0,2,3,0,3
505,25,2,4,3,1,1,3,2,0,3
506,31,2,2,8,1,1,2,2,1,1
507,27,2,4,1,1,0,1,1,0,1
508,41,3,4,3,0,1,2,4,0,2
509,27,3,4,4,1,1,3,3,0,3
510,24,2,3,1,1,1,3,3,0,1
511,23,3,1,1,1,0,3,3,0,2
512,29,4,4,3,1,1,3,2,0,2
513,26,2,4,3,1,1,3,4,0,3
514,39,3,3,6,1,1,3,3,0,1
515,45,1,3,1,1,1,2,3,1,1
516,23,2,4,2,1,1,1,4,0,1
517,37,4,4,6,1,0,3,4,0,3
518,38,2,4,5,1,1,3,3,0,1
519,44,1,3,4,1,1,3,3,1,1
520,37,4,4,5,0,0,2,4,0,3
521,32,1,4,4,1,1,3,2,0,3
522,33,4,4,5,1,1,3,3,0,3
523,27,4,4,1,0,0,2,4,0,1
524,36,4,4,4,0,0,1,4,0,2
525,26,4,4,3,1,1,3,2,0,3
526,36,2,4,11,1,1,1,4,1,3
527,24,2,2,2,1,1,3,1,1,1
528,38,4,4,3,0,0,3,3,1,3
529,20,4,3,1,1,1,3,4,0,3
530,28,3,4,3,1,1,2,1,0,1
531,25,4,4,2,1,1,3,3,0,3
532,28,1,4,0,1,0,4,1,0,1
533,29,4,4,3,1,1,1,4,0,3
534,22,3,3,2,1,1,3,4,0,1
535,41,4,4,4,1,1,1,4,0,2
536,40,3,4,3,1,0,1,4,0,3
537,22,3,3,3,1,1,3,3,0,3
538,30,4,4,4,1,1,2,4,0,1
539,23,4,4,2,1,0,3,3,0,1
540,42,4,4,6,1,1,1,3,0,2
541,44,3,3,9,1,1,1,1,0,2
542,33,2,3,4,1,1,2,3,0,3
543,36,1,2,4,1,1,3,1,1,3
544,33,3,3,4,1,0,2,2,0,3
545,28,4,4,4,1,1,3,4,0,3
546,23,4,4,1,1,1,2,3,0,1
547,48,4,4,4,0,1,1,4,0,1
548,32,4,4,2,1,0,1,3,0,3
549,30,4,4,3,0,0,2,4,0,3
550,46,3,4,4,1,0,3,4,0,3
551,25,1,3,1,1,1,4,2,0,1
552,26,2,2,4,1,1,3,4,0,2
553,25,3,3,1,1,1,2,1,0,3
554,30,3,4,3,1,1,3,3,0,3
555,43,4,4,5,1,1,1,3,0,1
556,23,4,4,1,1,0,2,4,0,1
557,22,4,4,1,1,0,2,4,0,3
558,28,4,4,2,0,1,2,4,0,3
559,27,4,4,2,1,0,1,3,0,2
560,47,4,4,5,1,1,1,3,0,3
561,32,4,4,4,1,0,1,3,0,1
562,24,4,4,1,1,1,1,4,0,2
563,26,3,4,2,1,1,3,3,0,1
564,48,3,4,5,1,1,2,3,0,1
565,24,3,4,0,1,0,2,3,0,1
566,20,3,4,2,1,1,3,3,0,1
567,22,2,3,2,1,1,3,1,0,1
568,22,3,3,2,1,1,2,4,0,1
569,22,3,4,1,1,1,3,3,0,3
570,28,4,4,3,0,1,1,4,0,1
571,32,2,3,1,1,1,3,3,0,1
572,33,4,4,2,0,0,1,3,0,2
573,22,3,3,2,1,1,3,1,0,3
574,30,3,4,3,1,1,3,4,0,3
575,40,2,4,8,1,1,3,3,0,1
576,31,3,4,2,1,1,1,4,0,1
577,28,3,4,1,0,1,2,2,0,1
578,42,4,4,3,1,1,1,4,0,1
579,41,3,2,11,1,1,2,3,0,1
580,42,4,4,3,1,0,1,4,0,2
581,48,4,4,5,1,1,1,4,0,1
582,18,3,4,1,1,1,3,1,0,1
583,39,4,4,2,0,1,1,3,0,3
584,29,4,2,0,1,0,2,2,0,1
585,45,4,4,3,1,1,1,4,0,3
586,21,3,2,1,1,1,3,1,1,3
587,25,2,4,6,1,1,3,4,0,2
588,42,3,3,3,1,0,2,4,0,1
589,38,4,4,4,1,1,2,4,0,2
590,25,2,4,3,1,1,3,3,0,3
591,24,4,4,1,1,0,1,3,0,1
592,33,4,4,2,1,0,1,4,0,3
593,36,3,4,9,1,1,3,4,0,3
594,22,3,4,1,0,0,1,4,0,3
595,28,4,4,5,1,1,2,1,0,1
596,48,1,1,7,1,1,2,4,0,1
597,25,2,3,4,1,0,3,2,0,3
598,35,3,4,1,0,1,2,3,0,1
599,19,4,4,0,0,1,3,4,0,1
600,31,2,2,4,1,1,3,3,0,1
601,38,2,2,8,1,1,2,2,0,2
602,25,4,4,0,1,0,2,4,0,1
603,30,2,4,2,1,1,3,4,0,1
604,23,3,4,1,1,1,2,3,0,3
605,25,1,4,2,1,0,3,3,1,1
606,38,3,4,2,0,1,2,4,0,1
607,32,4,4,2,0,0,1,4,0,2
608,19,4,4,2,1,1,1,4,0,3
609,35,4,4,1,0,1,1,4,0,3
610,21,2,3,0,1,1,3,4,0,1
611,47,4,3,4,1,1,1,3,0,3
612,37,4,4,3,1,1,2,4,0,3
613,25,2,3,2,1,1,2,4,0,3
614,44,4,4,4,1,0,2,3,0,2
615,47,1,1,4,1,1,2,2,0,1
616,26,3,4,2,1,1,3,3,0,3
617,26,4,4,1,1,0,1,4,0,1
618,33,1,1,5,1,1,3,1,1,1
619,46,4,3,5,1,1,1,4,0,2
620,47,1,1,8,1,1,3,4,1,2
621,47,1,3,9,1,0,3,3,0,3
622,25,4,3,2,1,1,3,3,0,3
623,47,3,4,11,1,0,2,3,0,2
624,32,4,4,3,1,0,1,4,0,3
625,24,2,2,4,1,1,3,4,0,1
626,27,2,4,3,1,0,3,2,0,1
627,38,2,3,3,1,1,2,4,0,3
628,31,4,4,3,1,1,1,4,0,3
629,31,3,4,4,1,0,3,3,0,3
630,40,3,3,4,1,1,2,2,0,1
631,36,4,4,2,1,1,3,3,0,1
632,28,2,2,5,1,0,2,4,0,3
633,28,2,4,0,1,1,3,1,0,1
634,27,4,4,1,0,0,1,3,0,3
635,32,3,4,7,0,1,1,3,0,2
636,37,4,4,3,1,1,1,4,0,2
637,21,4,4,1,1,1,3,1,0,3
638,46,4,4,3,0,0,1,4,0,2
639,35,2,4,3,0,0,3,4,1,2
640,22,2,2,3,1,0,3,3,0,3
641,36,4,4,3,1,1,1,4,0,2
642,35,2,3,6,1,1,2,3,0,3
643,17,2,3,1,1,1,3,2,0,1
644,33,2,3,7,1,0,3,1,0,3
645,49,4,4,6,0,0,1,4,0,1
646,27,3,4,0,1,1,3,3,0,1
647,24,4,4,0,1,0,2,2,0,1
648,20,4,4,2,1,1,1,3,0,3
649,29,1,2,5,1,0,1,2,0,3
650,26,4,4,1,1,0,2,4,0,3
651,47,4,4,4,1,1,1,4,0,1
652,21,4,4,1,1,1,3,3,0,1
653,27,3,3,1,1,0,3,3,0,3
654,32,3,3,7,1,0,2,3,0,1
655,18,3,4,1,1,1,3,3,0,1
656,41,3,4,5,1,1,1,3,0,2
657,44,4,4,3,1,1,1,4,0,2
658,34,4,4,4,1,1,2,4,0,2
659,33,4,4,2,0,0,1,3,0,3
660,26,3,2,5,1,1,2,2,0,3
661,34,3,3,6,1,1,2,3,0,1
662,38,2,3,6,1,1,3,2,0,1
663,29,1,3,5,1,1,3,3,0,3
664,27,4,4,2,1,0,1,4,0,1
665,29,4,4,3,1,0,3,3,0,2
666,17,2,2,1,1,1,3,2,0,3
667,25,3,3,3,1,1,3,3,0,3
668,26,3,3,2,1,0,2,2,0,3
669,29,2,4,3,1,1,3,3,0,3
670,41,1,3,3,1,0,2,4,0,1
671,37,4,4,2,1,0,3,3,0,2
672,27,3,3,1,1,0,3,4,0,2
673,36,3,2,6,1,1,3,2,0,2
674,19,3,3,2,1,1,3,2,0,1
675,30,2,3,1,1,1,2,1,0,1
676,39,4,4,3,1,1,1,4,0,2
677,29,3,4,3,1,1,1,3,0,2
678,39,3,4,3,1,1,1,4,0,1
679,37,4,4,4,1,1,1,4,0,2
680,26,3,4,3,1,1,3,2,0,1
681,28,4,4,1,0,1,2,4,0,1
682,34,2,3,7,1,0,3,3,0,1
683,28,3,3,2,0,1,2,3,0,3
684,39,4,4,5,1,1,2,4,0,2
685,21,3,4,0,1,0,3,1,0,1
686,23,3,2,2,1,0,3,2,0,3
687,23,2,2,1,1,1,2,4,0,3
688,34,4,3,0,0,0,3,3,0,1
689,44,4,4,6,0,1,1,3,0,2
690,35,4,4,5,1,1,2,4,0,2
691,19,2,4,1,1,1,2,3,0,3
692,22,1,3,2,1,1,3,1,0,3
693,27,2,3,5,1,1,2,1,0,1
694,36,2,3,5,1,1,2,3,0,1
695,26,4,3,4,1,1,2,3,0,1
696,29,3,4,3,1,1,1,3,0,2
697,43,1,2,8,1,1,2,4,0,1
698,39,3,3,1,0,1,3,4,0,1
699,22,4,4,1,1,1,2,3,0,3
700,22,3,4,1,1,1,4,4,0,2
701,41,4,4,6,1,1,1,4,0,2
702,23,4,3,2,1,0,2,3,0,3
703,34,4,4,4,1,1,2,3,0,1
704,21,4,4,1,1,1,2,3,0,3
705,24,4,4,2,1,1,1,4,0,3
706,32,4,4,4,0,0,2,4,0,2
707,25,4,4,1,1,0,1,4,0,2
708,30,4,4,1,0,1,2,4,0,2
709,48,1,3,4,1,1,3,3,1,1
710,26,2,4,2,1,1,1,4,0,2
711,19,3,4,1,1,1,2,3,0,1
712,24,4,3,3,1,1,3,3,0,3
713,35,2,3,6,1,0,3,3,0,3
714,43,4,4,3,0,1,1,4,0,2
715,29,1,4,3,1,1,4,4,1,3
716,36,4,4,3,1,0,2,4,0,2
717,24,4,4,1,1,1,1,3,0,3
718,38,4,4,2,1,0,1,4,0,3
719,24,2,4,2,1,1,3,3,0,2
720,30,3,4,2,1,1,1,4,0,2
721,34,4,4,6,1,1,2,2,0,3
722,31,4,4,2,0,1,1,4,0,3
723,25,2,2,2,1,1,3,1,0,1
724,34,3,4,4,0,1,3,1,1,1
725,39,2,2,6,1,1,2,4,0,1
726,28,3,3,3,1,0,2,4,0,3
727,24,4,4,0,0,1,1,4,0,1
728,23,2,3,2,1,0,3,2,0,3
729,22,2,4,4,1,1,3,4,0,1
730,39,1,2,2,1,1,3,1,1,1
731,21,3,3,1,1,0,3,2,0,1
732,23,3,2,0,1,1,2,2,0,1
733,43,4,4,5,1,1,1,4,0,1
734,33,3,4,2,1,1,1,4,0,2
735,44,1,2,2,1,1,3,1,0,1
736,26,3,4,1,0,1,2,2,0,1
737,39,4,4,3,0,1,2,4,0,2
738,45,3,3,5,0,1,1,3,0,2
739,29,2,3,1,1,1,1,2,0,1
740,37,2,4,5,1,1,1,4,0,3
741,26,4,4,0,1,1,3,4,0,1
742,27,3,4,2,1,0,2,2,0,1
743,17,2,2,3,1,1,3,1,0,1
744,26,2,2,3,1,1,2,1,0,1
745,32,3,2,5,1,1,3,3,0,3
746,36,2,3,6,1,1,2,3,0,1
747,31,4,4,4,1,1,3,3,0,2
748,30,3,3,7,1,1,3,4,0,3
749,45,4,4,1,1,1,1,3,0,1
750,31,4,4,1,1,1,1,4,0,2
751,47,1,1,6,1,0,3,1,0,1
752,20,2,3,3,1,1,3,4,0,1
753,30,4,4,0,1,0,1,4,0,1
754,30,1,1,5,1,1,2,2,0,1
755,41,4,4,4,0,0,2,4,0,2
756,43,1,2,1,1,1,3,4,1,1
757,46,2,2,5,1,1,2,4,0,3
758,38,3,4,7,0,1,2,3,0,2
759,25,4,4,1,0,1,2,3,0,1
760,38,2,4,5,0,1,2,2,0,1
761,35,4,4,3,0,1,1,4,0,1
762,22,3,4,2,0,1,3,4,0,3
763,39,4,4,3,0,0,1,4,0,2
764,22,1,2,3,1,1,3,1,1,3
765,21,3,4,3,1,1,3,1,0,3
766,47,1,2,2,1,0,1,3,0,1
767,25,3,3,3,1,1,2,1,0,3
768,30,4,4,1,1,0,3,2,0,3
769,37,1,3,0,1,1,3,4,0,1
770,28,3,4,3,1,1,1,4,0,3
771,30,4,4,2,0,0,3,3,0,3
772,48,4,4,4,0,1,1,4,0,2
773,44,3,4,6,1,1,3,2,0,2
774,21,2,2,1,1,1,3,2,0,1
775,47,3,2,5,1,1,4,4,0,1
776,35,2,4,6,1,1,3,4,0,3
777,34,3,4,4,1,1,1,3,0,3
778,34,4,4,6,1,1,3,4,0,2
779,30,2,3,3,1,1,3,3,0,3
780,22,2,4,2,1,1,3,2,0,3
781,44,1,3,0,1,1,2,3,0,1
782,27,4,4,4,1,1,3,3,0,3
783,49,2,1,10,1,0,2,4,0,1
784,26,4,4,1,1,1,1,4,0,1
785,25,2,3,2,1,1,3,2,0,1
786,25,2,3,2,1,1,3,1,0,3
787,23,2,4,2,1,1,3,3,0,1
788,22,3,4,3,1,1,2,3,0,3
789,24,4,4,1,1,1,1,3,0,3
790,25,4,4,0,1,0,3,4,0,1
791,31,4,4,3,1,1,1,4,0,2
792,42,3,2,9,1,1,3,3,0,1
793,46,3,2,11,1,0,2,2,1,1
794,44,1,4,9,1,1,1,2,0,1
795,49,4,4,6,1,1,1,2,0,1
796,27,4,4,3,1,1,1,4,0,2
797,49,1,3,6,1,1,2,4,0,1
798,31,3,4,2,1,1,1,2,1,1
799,31,3,3,2,1,0,3,3,0,2
800,22,4,4,0,1,1,2,4,0,1
801,23,4,3,1,1,1,2,2,0,3
802,32,4,3,3,1,1,2,4,0,3
803,47,1,2,2,1,1,2,3,1,1
804,42,3,3,4,0,1,3,4,0,2
805,25,4,4,3,1,1,1,2,0,1
806,37,2,4,3,1,1,2,3,0,3
807,22,4,4,0,1,0,1,4,0,1
808,35,2,3,6,1,0,3,2,0,3
809,32,3,2,4,1,1,2,2,1,1
810,38,1,2,8,1,1,3,3,1,1
811,33,4,4,3,0,0,1,3,0,1
812,42,3,3,5,1,1,2,2,0,1
813,47,1,1,7,1,1,2,3,1,1
814,45,4,4,3,1,1,1,4,0,2
815,38,4,4,3,1,0,1,4,0,2
816,29,3,4,4,1,1,1,4,0,1
817,25,3,4,3,1,1,3,4,0,3
818,36,4,4,6,0,1,1,2,1,3
819,25,2,4,3,1,1,1,3,0,3
820,35,4,4,3,1,1,1,4,0,2
821,38,4,4,4,0,1,3,4,0,2
822,43,1,2,8,1,0,3,1,0,1
823,36,1,4,1,1,1,3,3,0,1
824,36,4,4,4,0,1,1,4,0,2
825,25,4,4,3,1,1,1,4,0,3
826,42,4,4,5,1,1,1,4,0,3
827,23,4,4,1,0,1,1,4,0,2
828,32,2,2,1,1,1,2,1,0,1
829,47,4,4,4,0,1,2,4,0,2
830,26,3,4,3,1,1,1,4,0,2
831,40,3,4,8,1,1,3,3,0,1
832,30,2,3,5,1,1,3,1,1,2
833,24,2,3,2,1,1,2,1,0,3
834,46,2,4,6,1,1,1,4,0,1
835,48,4,4,7,1,0,1,4,0,2
836,42,3,3,4,1,1,2,4,0,2
837,31,4,2,2,0,1,1,3,0,2
838,38,4,4,6,1,1,1,4,0,2
839,26,4,4,2,1,0,3,3,0,3
840,37,4,4,1,0,1,1,4,0,3
841,42,1,4,11,0,1,2,2,1,1
842,32,2,1,5,1,0,2,2,0,2
843,39,3,4,5,1,1,3,4,0,2
844,32,2,4,5,1,1,2,3,0,1
845,24,1,4,1,1,0,4,2,1,2
846,27,4,4,1,0,1,3,4,0,1
847,45,3,4,3,1,1,1,4,0,1
848,24,3,4,2,1,1,2,4,0,1
849,41,4,4,4,0,0,2,4,0,2
850,29,3,2,0,1,1,2,2,0,1
851,19,4,4,1,1,1,2,4,0,3
852,36,3,3,2,1,0,2,4,0,1
853,48,1,1,8,1,0,2,2,1,1
854,25,2,3,0,1,1,2,4,0,1
855,39,3,4,6,1,1,1,4,0,1
856,37,2,3,5,1,1,4,2,0,3
857,22,4,4,0,1,1,2,1,1,1
858,36,3,4,4,0,0,2,4,0,2
859,26,3,3,3,1,0,2,4,0,1
860,35,4,4,4,1,1,1,4,0,2
861,37,3,4,1,1,1,2,4,0,1
862,43,4,4,3,1,1,1,4,0,3
863,34,2,3,2,1,1,3,3,0,2
864,26,4,4,2,1,1,1,3,0,1
865,44,4,4,4,0,1,2,3,0,3
866,40,2,2,6,1,1,2,2,1,1
867,38,2,2,10,1,1,3,2,0,1
868,32,3,3,4,1,1,2,1,0,3
869,43,1,3,2,1,0,2,2,1,1
870,37,3,4,5,1,0,2,4,0,3
871,37,2,4,4,1,0,2,3,0,3
872,35,4,4,3,0,1,3,4,0,3
873,48,3,4,11,1,1,1,4,0,1
874,49,1,2,8,1,1,3,1,1,1
875,20,2,3,1,1,1,2,3,0,1
876,25,2,4,1,1,1,2,2,0,1
877,31,3,3,1,1,0,3,4,0,1
878,25,4,4,1,1,1,1,4,0,1
879,25,3,4,2,1,1,3,3,0,3
880,45,3,4,0,1,1,1,3,0,1
881,34,2,2,9,1,0,2,3,0,1
882,41,2,4,1,1,1,2,3,0,1
883,39,2,2,5,1,0,3,2,1,1
884,25,4,4,3,1,1,3,3,0,3
885,22,2,2,1,1,1,3,1,1,1
886,47,3,4,3,1,1,2,3,0,1
887,27,4,4,3,1,1,1,4,0,1
888,32,4,4,1,1,0,1,3,0,1
889,21,4,4,2,1,1,3,3,0,3
890,38,2,3,4,1,1,1,2,0,2
891,37,4,4,3,1,1,1,4,0,2
892,38,4,4,1,1,0,1,4,0,1
893,18,2,3,1,1,1,2,3,0,1
894,33,4,4,4,1,1,1,4,0,2
895,28,4,3,2,1,1,3,2,0,3
896,28,4,4,2,0,1,1,4,0,2
897,26,3,2,4,1,1,3,4,0,3
898,44,2,4,4,1,1,3,3,0,2
899,38,1,3,2,1,0,3,3,1,1
900,32,2,3,4,0,1,2,4,0,1
901,40,4,4,2,1,1,3,4,0,1
902,32,4,4,2,1,0,3,4,0,2
903,24,2,4,1,1,0,4,4,0,1
904,43,3,4,10,1,1,3,3,0,1
905,28,4,4,1,1,1,3,2,0,3
906,35,4,4,5,0,0,1,4,0,2
907,24,2,4,1,1,1,3,1,0,1
908,29,3,4,2,1,1,1,4,0,2
909,25,4,4,1,1,1,1,4,0,3
910,34,2,4,4,1,1,3,3,0,3
911,43,4,4,6,1,1,1,4,0,2
912,26,2,3,3,1,1,3,1,0,1
913,38,4,4,2,1,1,3,4,0,3
914,25,4,4,2,1,1,3,2,0,1
915,22,4,4,3,1,1,3,2,0,3
916,29,3,3,3,1,0,2,4,0,1
917,24,3,3,1,1,1,3,2,0,3
918,40,4,4,5,1,1,1,3,0,2
919,21,3,3,0,1,1,2,2,0,1
920,40,3,4,5,1,1,1,2,0,3
921,34,4,4,1,0,0,2,3,0,1
922,28,1,2,4,1,1,2,3,0,3
923,31,4,4,5,1,0,1,4,0,3
924,42,4,4,3,1,0,1,4,0,2
925,34,4,4,3,1,1,1,4,0,2
926,21,3,3,1,0,1,3,2,0,3
927,48,2,3,8,1,1,1,4,0,1
928,42,4,4,5,0,1,2,4,0,3
929,45,4,4,1,1,1,1,4,0,1
930,19,4,4,1,1,1,3,2,0,3
931,37,2,3,6,1,1,3,4,0,3
932,35,3,4,5,1,0,1,3,1,2
933,22,4,3,1,1,1,2,2,0,3
934,45,2,2,9,1,1,3,3,0,2
935,35,3,2,9,1,0,3,4,0,3
936,30,4,4,1,1,1,1,4,0,3
937,42,3,2,1,1,1,3,3,0,1
938,27,3,4,2,1,1,1,3,0,3
939,41,4,4,1,1,1,3,3,0,3
940,35,2,2,6,1,1,3,4,0,2
941,39,3,3,8,1,0,1,4,0,3
942,41,1,4,9,1,1,2,1,0,3
943,44,4,4,3,1,1,2,4,0,1
944,24,3,3,3,1,0,2,1,0,3
945,25,3,3,3,1,1,3,2,0,3
946,25,2,3,1,1,1,3,1,0,3
947,47,4,4,4,1,0,1,4,0,2
948,41,1,4,5,1,0,2,4,0,3
949,43,2,4,13,1,1,2,3,0,2
950,38,3,4,3,1,1,3,2,0,3
951,34,4,4,3,0,0,3,3,0,1
952,26,4,4,1,1,1,3,3,0,3
953,45,3,3,6,0,1,2,4,0,2
954,18,3,3,1,1,1,2,2,0,3
955,20,3,4,1,0,1,2,4,0,3
956,48,1,3,4,1,1,3,4,1,1
957,28,3,4,1,1,1,3,1,1,1
958,34,1,3,4,1,0,3,4,0,1
959,27,3,4,2,1,1,1,3,0,1
960,18,3,4,0,1,0,3,1,0,1
961,24,4,4,2,1,1,3,3,0,1
962,32,4,4,2,0,0,2,4,0,2
963,20,2,3,3,1,1,3,4,0,1
964,37,4,4,2,0,1,1,4,0,1
965,32,2,3,5,1,0,2,3,0,3
966,45,2,3,6,1,1,3,2,1,1
967,24,4,4,1,0,1,2,3,0,2
968,29,2,3,1,1,1,1,1,0,1
969,24,3,4,0,1,0,3,1,0,1
970,31,2,2,4,1,1,3,3,0,3
971,44,4,4,5,1,0,1,4,0,2
972,46,1,2,7,1,1,3,1,1,1
973,33,3,3,8,1,1,3,4,0,3
974,42,2,4,5,0,1,2,3,0,2
975,44,3,4,1,1,1,1,3,0,1
976,24,2,2,3,1,1,2,4,0,1
977,42,4,4,1,1,1,2,4,0,1
978,36,4,4,3,0,1,3,4,0,3
979,42,4,4,4,0,0,2,4,0,2
980,29,3,3,6,1,1,3,3,0,3
981,22,4,4,0,1,1,1,4,0,1
982,28,4,4,5,1,1,2,4,0,3
983,29,1,2,7,1,1,2,4,0,1
984,29,4,4,2,1,1,3,4,0,3
985,30,1,1,7,1,1,2,3,0,1
986,43,2,3,7,1,1,3,4,0,1
987,25,2,3,5,1,1,2,3,0,3
988,28,4,4,3,0,0,3,4,0,3
989,33,4,4,3,1,1,1,4,0,1
990,48,1,3,5,1,1,3,2,0,1
991,23,3,3,2,1,1,2,2,0,1
992,41,4,4,4,1,0,1,4,0,2
993,45,1,2,6,1,1,3,3,1,1
994,24,1,2,3,1,1,3,2,0,3
995,49,4,4,7,0,1,2,4,0,1
996,20,3,4,2,1,1,3,2,0,1
997,28,3,4,2,1,1,3,4,0,3
998,20,2,2,2,1,1,2,2,1,1
999,38,1,2,12,1,1,2,3,0,1
1000,47,2,3,4,1,1,2,3,0,1
1001,35,1,2,4,1,0,4,4,0,3
1002,29,3,3,4,1,1,3,4,0,3
1003,45,4,4,4,1,1,2,3,0,1
1004,47,4,4,1,1,0,1,3,0,1
1005,28,4,4,0,0,1,1,3,0,1
1006,25,3,4,3,1,1,2,4,0,3
1007,31,1,1,3,1,1,4,2,1,3
1008,25,3,2,2,1,1,3,2,0,1
1009,31,3,3,3,1,1,3,1,1,3
1010,36,3,3,4,1,1,1,3,0,2
1011,21,3,3,1,1,1,3,3,0,3
1012,28,4,4,2,1,1,1,4,0,3
1013,20,3,4,0,1,1,3,3,0,1
1014,31,3,2,1,1,1,3,4,0,1
1015,29,2,4,4,1,0,2,4,0,3
1016,48,3,4,4,0,1,2,4,0,1
1017,42,4,4,8,0,1,1,4,0,2
1018,24,4,4,1,1,1,2,3,0,3
1019,29,1,2,1,1,1,3,3,0,3
1020,26,3,3,3,1,1,3,3,0,3
1021,38,4,4,6,1,1,2,4,0,3
1022,34,4,4,2,1,1,3,3,0,3
1023,25,3,3,1,1,1,3,4,0,1
1024,43,2,3,3,0,1,2,3,0,1
1025,44,4,4,7,1,1,3,2,0,2
1026,23,3,3,1,1,0,2,4,0,1
1027,33,2,3,1,1,1,3,4,0,1
1028,24,4,4,2,1,0,1,3,0,2
1029,33,3,3,6,1,1,3,4,0,2
1030,27,2,2,3,1,1,2,2,1,3
1031,29,3,3,3,1,1,2,1,0,3
1032,35,4,4,3,0,0,3,4,0,2
1033,26,3,4,3,1,1,3,2,0,3
1034,48,3,4,8,1,1,3,3,0,1
1035,46,3,4,9,1,1,3,4,0,3
1036,26,2,4,0,1,1,3,1,0,1
1037,30,2,3,4,1,0,3,2,0,1
1038,47,4,4,1,0,1,1,4,0,1
1039,16,2,3,1,1,1,3,1,0,3
1040,47,2,2,4,1,1,3,1,0,1
1041,26,3,4,2,1,1,3,3,0,2
1042,46,4,4,10,1,1,1,3,0,1
1043,40,4,4,4,1,1,1,3,0,2
1044,48,4,4,6,0,1,2,4,0,2
1045,33,4,4,3,0,1,2,4,0,2
1046,40,3,3,1,0,1,3,4,0,1
1047,40,3,4,2,0,1,3,4,0,2
1048,30,4,4,2,1,0,2,2,0,3
1049,40,4,4,6,1,1,1,3,0,2
1050,19,4,4,1,1,1,1,3,0,3
1051,28,1,3,5,1,1,3,4,0,3
1052,43,1,3,4,1,1,1,4,0,2
1053,47,1,2,7,1,0,3,2,0,1
1054,33,4,4,5,1,1,1,4,0,3
1055,35,4,3,2,0,1,3,4,0,3
1056,47,2,1,5,0,1,2,4,0,1
1057,25,3,3,1,1,0,2,4,0,1
1058,22,2,4,1,1,1,3,3,0,3
1059,24,2,3,2,1,1,3,1,0,1
1060,45,2,3,4,1,0,2,4,0,1
1061,30,1,3,4,1,1,3,4,0,3
1062,49,1,2,5,1,0,2,2,1,1
1063,23,4,4,0,0,1,2,4,0,1
1064,44,4,4,5,1,1,3,4,0,3
1065,37,4,4,4,0,0,2,4,0,2
1066,30,3,3,4,1,0,2,2,0,3
1067,45,3,4,3,0,1,3,4,0,1
1068,30,2,2,4,1,1,2,1,0,3
1069,40,4,4,3,0,1,3,4,0,1
1070,41,4,3,5,1,0,3,4,0,3
1071,44,2,1,3,1,0,3,2,0,1
1072,38,4,4,5,1,1,2,3,0,3
1073,37,4,4,3,0,1,3,4,0,3
1074,20,3,4,1,1,1,2,4,0,2
1075,22,4,4,1,0,1,3,1,0,3
1076,30,4,4,0,0,0,3,3,0,1
1077,40,1,1,2,1,0,3,4,0,1
1078,41,2,2,5,0,1,2,2,0,1
1079,21,3,3,1,1,1,3,3,0,3
1080,27,4,4,2,1,1,1,4,0,3
1081,26,2,3,2,1,1,2,3,0,3
1082,25,2,3,0,1,1,2,1,0,1
1083,40,3,3,3,1,1,2,2,1,1
1084,32,4,4,4,1,0,1,4,0,3
1085,35,2,3,5,1,1,3,3,0,3
1086,34,3,4,4,1,1,1,3,0,1
1087,47,2,3,5,1,1,1,1,0,1
1088,40,1,1,0,1,1,3,2,0,1
1089,24,3,4,2,1,1,2,2,0,1
1090,34,4,4,2,0,0,2,4,0,3
1091,27,4,4,1,1,0,3,3,0,2
1092,28,3,4,1,1,1,3,4,0,1
1093,22,2,1,0,1,1,3,2,0,1
1094,38,4,4,6,1,1,3,3,0,2
1095,41,1,4,4,1,1,3,3,0,1
1096,32,4,4,4,1,1,2,3,0,2
1097,37,3,4,7,1,1,2,1,0,1
1098,17,3,3,1,1,1,2,4,0,3
1099,17,3,3,1,1,1,2,4,0,3
